Barritas Redonda de Ternera para Perro - 400 Gr.,4.20 €,https://www.petsonic.com/3120-large_default/hobbit-alf-barritas-redonda-ternera-para-perros.jpg
Barritas Redonda de Ternera para Perro - 900 Gr.,7.80 €,https://www.petsonic.com/3120-large_default/hobbit-alf-barritas-redonda-ternera-para-perros.jpg
Barritas Redonda de Cordero para Perro - 400 Gr.,4.20 €,https://www.petsonic.com/3126-large_default/hobbit-alf-barritas-redonda-cordero-para-perros.jpg
Barritas Redonda de Cordero para Perro - 900 Gr.,7.80 €,https://www.petsonic.com/3126-large_default/hobbit-alf-barritas-redonda-cordero-para-perros.jpg
Barritas Redonda de Ternera para Perro - 400 Gr.,4.20 €,https://www.petsonic.com/3120-large_default/hobbit-alf-barritas-redonda-ternera-para-perros.jpg
Barritas Redonda de Ternera para Perro - 900 Gr.,7.80 €,https://www.petsonic.com/3120-large_default/hobbit-alf-barritas-redonda-ternera-para-perros.jpg
Barritas Redonda de Cordero para Perro - 400 Gr.,4.20 €,https://www.petsonic.com/3126-large_default/hobbit-alf-barritas-redonda-cordero-para-perros.jpg
Barritas Redonda de Cordero para Perro - 900 Gr.,7.80 €,https://www.petsonic.com/3126-large_default/hobbit-alf-barritas-redonda-cordero-para-perros.jpg
Barritas Redonda de Pollo para Perro - 400 Gr.,4.20 €,https://www.petsonic.com/3129-large_default/hobbit-alf-barritas-redonda-pollo-para-perros.jpg
Barritas Redonda de Pollo para Perro - 900 Gr.,7.80 €,https://www.petsonic.com/3129-large_default/hobbit-alf-barritas-redonda-pollo-para-perros.jpg
Mini Huesitos Tiernos Mix para Perros - 500 Gr.,3.60 €,https://www.petsonic.com/5858-large_default/hobbit-alf-mini-huesitos-tiernos-mix-para-perros.jpg
